CATEGORY,SUBCATEGORY,REGEXPR,PRIMARYKEY,FOREIGNKEY
BLOODGROUP,BLOODGROUP,^(A\+|A-|B\+|B-|AB\+|AB-|O\+|O-)$,,
CIVILITY,CIVILITY_FR,^(M\.|MME|MLLE|MONSIEUR|MADAME|MADEMOISELLE)$,,
TEMPERATURE,TEMPERATURE_CELSIUS,^[\+-]?[0-9]+(\.\d+)?\s?(�C|�CELSIUS|CELSIUS)$,,
TEMPERATURE,TEMPERATURE_FAHRENHEIT,^[\+-]?[0-9]+(\.\d+)?\s?(�F|�FAHRENHEIT|FAHRENHEIT�)$,,
TEMPERATURE,TEMPERATURE_KELVIN,^[\+-]?[0-9]+(\.\d+)?\s?(K|KELVIN)$,,
WEIGHT,WEIGHT_TO,^[0-9]+(\.\d+)?\s+(TO|TONNES|TONNE)$,,
WEIGHT,WEIGHT_FR_LB,^[0-9]+(\.\d+)?\s+(LB|LIVRE)$,,
WEIGHT,WEIGHT_EN_LB,^[0-9]+(\.\d+)?\s+(LB|BOOK|LIVRE)$,,
WEIGHT,WEIGHT_OZ,^(24|25|26|27|28|29|30|31|32|33)\s+(OZ|ONS|ONCE|ONCES)$,,
WEIGHT,WEIGHT_QU,^[0-9]+(\.\d+)?\s+(QU|QUINTALS|QUINTAL)$,,
WEIGHT,WEIGHT_FR_MGG,^[0-9]+(\.\d+)?\s+(MGG|MEGAGRAMME|MEGAGRAMME)$,,
WEIGHT,WEIGHT_EN_MGG,^[0-9]+(\.\d+)?\s+(MGG|MEGAGRAM|MEGAGRAMS)$,,
WEIGHT,WEIGHT_FR_GG,^[0-9]+(\.\d+)?\s+(GG|GIGAGRAMMES|KILOGRAMMES)$,,
WEIGHT,WEIGHT_EN_GG,^[0-9]+(\.\d+)?\s+(GG|GIGAGRAM|GIGAGRAMS)$,,
WEIGHT,WEIGHT_FR_TG,^[0-9]+(\.\d+)?\s+(TG|T�RAGRAMME|T�ERAGRAMMES)$,,
WEIGHT,WEIGHT_EN_TG,^[0-9]+(\.\d+)?\s+(TG|TERAGRAM|TERAGRAMS)$,,
WEIGHT,WEIGHT_FR_PG,^[0-9]+(\.\d+)?\s+(PG|P�TAGRAMME|P�TAGRAMMES)$,,
WEIGHT,WEIGHT_EN_PG,^[0-9]+(\.\d+)?\s+(PG|PETAGRAM|PETAGRAMS)$,,
WEIGHT,WEIGHT_FR_EG,^[0-9]+(\.\d+)?\s+(EG|EXAGRAMME|EXAGRAMMES)$,,
WEIGHT,WEIGHT_EN_EG,^[0-9]+(\.\d+)?\s+(EG|EXAGRAM|EXAGRAMS)$,,
WEIGHT,WEIGHT_FR_ZG,^[0-9]+(\.\d+)?\s+(ZG|ZETTAGRAMME|ZETTAGRAMMES)$,,
WEIGHT,WEIGHT_EN_ZG,^[0-9]+(\.\d+)?\s+(ZG|ZETTAGRAM|ZETTAGRAMS)$,,
WEIGHT,WEIGHT_FR_YG,^[0-9]+(\.\d+)?\s+(YO|YOTTOGRAMME|YOTTAGRAMMES)$,,
WEIGHT,WEIGHT_EN_YG,^[0-9]+(\.\d+)?\s+(YO|YOTTAGRAM|YOTTAGRAMS)$,,
WEIGHT,WEIGHT_FR_KG,^[0-9]+(\.\d+)?\s+(KG|KILOGRAMME|KILOGRAMMES)$,,
WEIGHT,WEIGHT_EN_KG,^[0-9]+(\.\d+)?\s+(KG|KILOGRAM|KILOGRAMS)$,,
WEIGHT,WEIGHT_FR_HG,^[0-9]+(\.\d+)?\s+(HG|HECTOGRAMME|HECTOGRAMMES)$,,
WEIGHT,WEIGHT_EN_HG,^[0-9]+(\.\d+)?\s+(HG|HECTOGRAM|HECTOGRAMS)$,,
WEIGHT,WEIGHT_FR_DAG,^[0-9]+(\.\d+)?\s+(DAG|D�CAGRAMME|D�CAGRAMMES)$,,
WEIGHT,WEIGHT_EN_DAG,^[0-9]+(\.\d+)?\s+(DAGDECAGRAM|DECAGRAMS)$,,
WEIGHT,WEIGHT_FR_G,^[0-9]+(\.\d+)?\s+(G|GRAMME|GRAMMES)$,,
WEIGHT,WEIGHT_EN_G,^[0-9]+(\.\d+)?\s+(G|GRAM|GRAMS)$,,
WEIGHT,WEIGHT_FR_DG,^[0-9]+(\.\d+)?\s+(DG|D�CIGRAMME|D�CIGRAMMES)$,,
WEIGHT,WEIGHT_EN_DG,^[0-9]+(\.\d+)?\s+(DG|DECIGRAM|DECIGRAMS)$,,
WEIGHT,WEIGHT_FR_CG,^[0-9]+(\.\d+)?\s+(CG|CENTIGRAMME|CENTIGRAMMES)$,,
WEIGHT,WEIGHT_EN_CG,^[0-9]+(\.\d+)?\s+(CG|CENTIGRAM|CENTIGRAMS)$,,
WEIGHT,WEIGHT_FR_MG,^[0-9]+(\.\d+)?\s+(MG|MILLIGRAMME|MILLIGRAMMES)$,,
WEIGHT,WEIGHT_EN_MG,^[0-9]+(\.\d+)?\s+(MG|MILLIGRAM|MILLIGRAMS)$,,
WEIGHT,WEIGHT_FR_?G,^[0-9]+(\.\d+)?\s+(.G|MICROGRAMME|MICROGRAMMES)$,,
WEIGHT,WEIGHT_EN_?G,^[0-9]+(\.\d+)?\s+(.G|MICROGRAM|MICROGRAMS)$,,
WEIGHT,WEIGHT_FR_NG,^[0-9]+(\.\d+)?\s+(NG|NANOGRAMME|NANOGRAMMES)$,,
WEIGHT,WEIGHT_EN_NG,^[0-9]+(\.\d+)?\s+(NG|NANOGRAM|NANOGRAMS)$,,
WEIGHT,WEIGHT_FR_PG,^[0-9]+(\.\d+)?\s+(PG|PICOGRAMME|PICOGRAMMES)$,,
WEIGHT,WEIGHT_EN_PG,^[0-9]+(\.\d+)?\s+(PG|PICOGRAM|PICOGRAMS)$,,
WEIGHT,WEIGHT_FR_FG,^[0-9]+(\.\d+)?\s+(FG|FEMTOGRAMME|FEMTOGRAMMES)$,,
WEIGHT,WEIGHT_EN_FG,^[0-9]+(\.\d+)?\s+(FG|FEMTOGRAM|FEMTOGRAMS)$,,
WEIGHT,WEIGHT_FR_AG,^[0-9]+(\.\d+)?\s+(AG|ATTOGRAMME|ATTOGRAMMES)$,,
WEIGHT,WEIGHT_EN_AG,^[0-9]+(\.\d+)?\s+(AG|ATTOGRAM|ATTOGRAMS)$,,
WEIGHT,WEIGHT_FR_ZPG,^[0-9]+(\.\d+)?\s+(ZPG|ZEPTOGRAMME|ZEPTOGRAMMES)$,,
WEIGHT,WEIGHT_EN_ZPG,^[0-9]+(\.\d+)?\s+(ZPG|ZEPTOGRAM|ZEPTOGRAMS)$,,
WEIGHT,WEIGHT_FR_YCG,^[0-9]+(\.\d+)?\s+(YCG|YOCTOGRAMME|YOCTOGRAMMES)$,,
WEIGHT,WEIGHT_EN_YCG,^[0-9]+(\.\d+)?\s+(YCG|YOCTOGRAM|YOCTOGRAMS)$,,
SIZEDISTANCE_LENGTH,SIZEDISTANCE_LENGTH_FR_YM,^[0-9]+(\.\d+)?\s+(YM|YOTTAM�TRE|YOTTAM�RES)$,,
SIZEDISTANCE_LENGTH,SIZEDISTANCE_LENGTH_EN_YM,^[0-9]+(\.\d+)?\s+(YM|YOTTAMETER|YOTTAMETERS)$,,
SIZEDISTANCE_LENGTH,SIZEDISTANCE_LENGTH_FR_ZM,^[0-9]+(\.\d+)?\s+(ZM|ZETTAM�TRE|ZETTAM�TRES)$,,
SIZEDISTANCE_LENGTH,SIZEDISTANCE_LENGTH_EN_ZM,^[0-9]+(\.\d+)?\s+(ZM|ZETTAMETER|ZETTAMETERS)$,,
SIZEDISTANCE_LENGTH,SIZEDISTANCE_LENGTH_FR_EM,^[0-9]+(\.\d+)?\s+(EM|EXAM�TRE|EXAM�TRES)$,,
SIZEDISTANCE_LENGTH,SIZEDISTANCE_LENGTH_EN_EM,^[0-9]+(\.\d+)?\s+(EM|EXAMETER|EXAMETERS)$,,
SIZEDISTANCE_LENGTH,SIZEDISTANCE_LENGTH_FR_PM,^[0-9]+(\.\d+)?\s+(PM||P�TAM�TRE|P�TAM�TRES)$,,
SIZEDISTANCE_LENGTH,SIZEDISTANCE_LENGTH_EN_PM,^[0-9]+(\.\d+)?\s+(PM|PETAMETER|PETAMETERS)$,,
SIZEDISTANCE_LENGTH,SIZEDISTANCE_LENGTH_FR_TM,^[0-9]+(\.\d+)?\s+(TM|T�RA�TRE|T�RAM�TRES)$,,
SIZEDISTANCE_LENGTH,SIZEDISTANCE_LENGTH_EN_TM,^[0-9]+(\.\d+)?\s+(TM|TERAMETER|TERAMETERS)$,,
SIZEDISTANCE_LENGTH,SIZEDISTANCE_LENGTH_FR_GM,^[0-9]+(\.\d+)?\s+(GM|GIGAM�TRE|GIGAM�TRES)$,,
SIZEDISTANCE_LENGTH,SIZEDISTANCE_LENGTH_EN_GM,^[0-9]+(\.\d+)?\s+(GM|GIGAMETER|GIGAMETERS)$,,
SIZEDISTANCE_LENGTH,SIZEDISTANCE_LENGTH_FR_MGM,^[0-9]+(\.\d+)?\s+(MGM|M�T�RE|M�GAM�TRES)$,,
SIZEDISTANCE_LENGTH,SIZEDISTANCE_LENGTH_EN_MGM,^[0-9]+(\.\d+)?\s+(MGM|MEGAMETER|MEGAMETERS)$,,
SIZEDISTANCE_LENGTH,SIZEDISTANCE_LENGTH_FR_KM,^[0-9]+(\.\d+)?\s+(KM|KILOM�TRE|KILOM�TRES)$,,
SIZEDISTANCE_LENGTH,SIZEDISTANCE_LENGTH_EN_KM,^[0-9]+(\.\d+)?\s+(KM|KILOMETER|KILOMETERS)$,,
SIZEDISTANCE_LENGTH,SIZEDISTANCE_LENGTH_FR_HM,^[0-9]+(\.\d+)?\s+(HM|HECTOM�TRE|HECTOM�TRES)$,,
SIZEDISTANCE_LENGTH,SIZEDISTANCE_LENGTH_EN_HM,^[0-9]+(\.\d+)?\s+(HM|HECTOMETER|HECTOMETERS)$,,
SIZEDISTANCE_LENGTH,SIZEDISTANCE_LENGTH_FR_DAM,^[0-9]+(\.\d+)?\s+(DAM|D�CAM�TRE|D�M�TRES)$,,
SIZEDISTANCE_LENGTH,SIZEDISTANCE_LENGTH_EN_DAM,^[0-9]+(\.\d+)?\s+(DAM|DECAMETER|DECAMETERS)$,,
SIZEDISTANCE_LENGTH,SIZEDISTANCE_LENGTH_FR_M,^[0-9]+(\.\d+)?\s+(M|M�TRE|M�TRES)$,,
SIZEDISTANCE_LENGTH,SIZEDISTANCE_LENGTH_EN_M,^[0-9]+(\.\d+)?\s+(M|METER|METERS)$,,
SIZEDISTANCE_LENGTH,SIZEDISTANCE_LENGTH_FR_DM,^[0-9]+(\.\d+)?\s+(DM|D�CIM�TRE|D�CIM�TRES)$,,
SIZEDISTANCE_LENGTH,SIZEDISTANCE_LENGTH_EN_DM,^[0-9]+(\.\d+)?\s+(DM|DECIMETER|DECIMETERS)$,,
SIZEDISTANCE_LENGTH,SIZEDISTANCE_LENGTH_FR_CM,^[0-9]+(\.\d+)?\s+(CM|CENTIM�TRE|CENTIM�TRES)$,,
SIZEDISTANCE_LENGTH,SIZEDISTANCE_LENGTH_EN_CM,^[0-9]+(\.\d+)?\s+(CM|CENTIMETER|CENTIMETERS)$,,
SIZEDISTANCE_LENGTH,SIZEDISTANCE_LENGTH_FR_MM,^[0-9]+(\.\d+)?\s+(MM|MILLIM�TRE|MILLIM�TRES)$,,
SIZEDISTANCE_LENGTH,SIZEDISTANCE_LENGTH_EN_MM,^[0-9]+(\.\d+)?\s+(MM|MILLIMETER|MILLIMETERS)$,,
SIZEDISTANCE_LENGTH,SIZEDISTANCE_LENGTH_FR_UM,^[0-9]+(\.\d+)?\s+(UM|MICROM�TRE|MICROM�TRES)$,,
SIZEDISTANCE_LENGTH,SIZEDISTANCE_LENGTH_EN_UM,^[0-9]+(\.\d+)?\s+(UM|MICROMETER|MICROMETERS)$,,
SIZEDISTANCE_LENGTH,SIZEDISTANCE_LENGTH_FR_NM,^[0-9]+(\.\d+)?\s+(NM|NANOM�TRE|NANOM�TRES)$,,
SIZEDISTANCE_LENGTH,SIZEDISTANCE_LENGTH_EN_NM,^[0-9]+(\.\d+)?\s+(NM|NANOMETER|NANOMETERS)$,,
SIZEDISTANCE_LENGTH,SIZEDISTANCE_LENGTH_FR_PM,^[0-9]+(\.\d+)?\s+(PM|PICOM�TRE|PICOM�TRES)$,,
SIZEDISTANCE_LENGTH,SIZEDISTANCE_LENGTH_EN_PM,^[0-9]+(\.\d+)?\s+(PM|PICOMETER|PICOMETERS)$,,
SIZEDISTANCE_LENGTH,SIZEDISTANCE_LENGTH_FR_FM,^[0-9]+(\.\d+)?\s+(FM|FEMTOM�TRE|FEMTOM�TRES)$,,
SIZEDISTANCE_LENGTH,SIZEDISTANCE_LENGTH_EN_FM,^[0-9]+(\.\d+)?\s+(FM|FEMTOMETER|FEMTOMETERS)$,,
SIZEDISTANCE_LENGTH,SIZEDISTANCE_LENGTH_FR_AM,^[0-9]+(\.\d+)?\s+(AM|ATTOM�TRE|ATTOM�TRES)$,,
SIZEDISTANCE_LENGTH,SIZEDISTANCE_LENGTH_EN_AM,^[0-9]+(\.\d+)?\s+(AM|ATTOMETER|ATTOMETERS)$,,
SIZEDISTANCE_LENGTH,SIZEDISTANCE_LENGTH_FR_ZPM,^[0-9]+(\.\d+)?\s+(ZPM|ZEPTOM�TRE|ZEPTOM�TRES)$,,
SIZEDISTANCE_LENGTH,SIZEDISTANCE_LENGTH_EN_ZPM,^[0-9]+(\.\d+)?\s(ZPM|ZEPTOMETER|ZEPTOMETERS)$,,
SIZEDISTANCE_LENGTH,SIZEDISTANCE_LENGTH_FR_YCM,^[0-9]+(\.\d+)?\s+(YCM|YOCTOM�TRE|YOCTOM�TRES)$,,
SIZEDISTANCE_LENGTH,SIZEDISTANCE_LENGTH_EN_YCM,^[0-9]+(\.\d+)?\s+(YCM|YOCTOMETER|YOCTOMETERS)$,,
SIZEDISTANCE_LENGTH,SIZEDISTANCE_LENGTH_FT,^[0-9]+(\.\d+)?\s+(FT|FEET|FOOT)$,,
SIZEDISTANCE_LENGTH,SIZEDISTANCE_LENGTH_YD,^[0-9]+(\.\d+)?\s+(YD|YARD|YARDS)$,,
SIZEDISTANCE_LENGTH,SIZEDISTANCE_LENGTH_FR_IN,"^[0-9]+(\.\d+)?\s+(IN|POUCE|PO|P|"")$",,
SIZEDISTANCE_LENGTH,SIZEDISTANCE_LENGTH_EN_IN,"^[0-9]+(\.\d+)?\s+(IN|INCH|INCHES|P|"")$",,
SIZEDISTANCE_LENGTH,SIZEDISTANCE_LENGTH_MI,^[0-9]+(\.\d+)?\s+(MI|MILE|MILES)$,,
ATOMIC_MASS,ATOMIC_MASS_YMOL,^[0-9]+(\.\d+)?\s+(YMOL|YOTTAMOLE|YOTTAMOLES)$,,
ATOMIC_MASS,ATOMIC_MASS_ZMOL,^[0-9]+(\.\d+)?\s+(ZMOL|ZETTAMOLE|ZETTAMOLES)$,,
ATOMIC_MASS,ATOMIC_MASS_EMOL,^[0-9]+(\.\d+)?\s+(EMOL|EXAMOLE|EXAMOLES)$,,
ATOMIC_MASS,ATOMIC_MASS_FR_PMOL,^[0-9]+(\.\d+)?\s+(PMOL|P�TAMOLE|P�TAMOLES)$,,
ATOMIC_MASS,ATOMIC_MASS_EN_PMOL,^[0-9]+(\.\d+)?\s+(PMOL|PETAMOLES|PETAMOLE)$,,
ATOMIC_MASS,ATOMIC_MASS_FR_TMOL,^[0-9]+(\.\d+)?\s+(TMOL|T�RAMOLE|T�RAMOLES)$,,
ATOMIC_MASS,ATOMIC_MASS_EN_TMOL,^[0-9]+(\.\d+)?\s+(TMOL|TERAMOLES|TERAMOLE)$,,
ATOMIC_MASS,ATOMIC_MASS_GMOL,^[0-9]+(\.\d+)?\s+(GMOL|GIGAMOLE|GIGAMOLES)$,,
ATOMIC_MASS,ATOMIC_MASS_FR_MMOL,^[0-9]+(\.\d+)?\s+(MMOL|M�GAMOLE|M�GAMOLES)$,,
ATOMIC_MASS,ATOMIC_MASS_EN_MMOL,^[0-9]+(\.\d+)?\s+(MMOL|MEGAMOLES|MEGAMOLE)$,,
ATOMIC_MASS,ATOMIC_MASS_KMOL,^[0-9]+(\.\d+)?\s+(KMOL|KILOMOLE|KILOMOLES)$,,
ATOMIC_MASS,ATOMIC_MASS_HMOL,^[0-9]+(\.\d+)?\s+(HMOL|HECTOMOLE|HECTOMOLES)$,,
ATOMIC_MASS,ATOMIC_MASS_FR_DAMOL,^[0-9]+(\.\d+)?\s+(DAMOL|D�CAMOLE|D�CAMOLES)$,,
ATOMIC_MASS,ATOMIC_MASS_EN_DAMOL,^[0-9]+(\.\d+)?\s+(DAMOL|DECAMOLES|DECAMOLE)$,,
ATOMIC_MASS,ATOMIC_MASS_MOL,^[0-9]+(\.\d+)?\s+(MOL|MOLE|MOLES)$,,
ATOMIC_MASS,ATOMIC_MASS_FR_DMOL,^[0-9]+(\.\d+)?\s+(DMOL|D�CAMOLE|D�CAMOLES)$,,
ATOMIC_MASS,ATOMIC_MASS_EN_DMOL,^[0-9]+(\.\d+)?\s+(DMOL|DECAMOLES|DECAMOLE)$,,
ATOMIC_MASS,ATOMIC_MASS_CMOL,^[0-9]+(\.\d+)?\s+(CMOL|CENTIMOLE|CENTIMOLES)$,,
ATOMIC_MASS,ATOMIC_MASS_MMOL,^[0-9]+(\.\d+)?\s+(MMOL|MILLIMOLE|MILLIMOLES)$,,
ATOMIC_MASS,ATOMIC_MASS_UMOL,^[0-9]+(\.\d+)?\s+(UMOL|MICROMOLE|MICROMOLES)$,,
ATOMIC_MASS,ATOMIC_MASS_NMOL,^[0-9]+(\.\d+)?\s+(NMOL|NANOMOLE|NANOMOLES)$,,
ATOMIC_MASS,ATOMIC_MASS_PMOL,^[0-9]+(\.\d+)?\s+(PMOL|PICOOMOLE|PICOMOLES)$,,
ATOMIC_MASS,ATOMIC_MASS_FMOL,^[0-9]+(\.\d+)?\s+(FMOL|FEMTOMOLE|FEMTOMOLES)$,,
ATOMIC_MASS,ATOMIC_MASS_AMOL,^[0-9]+(\.\d+)?\s+(AMOL|ATTOMOLE|ATTOMOLES)$,,
ATOMIC_MASS,ATOMIC_MASS_ZPMOL,^[0-9]+(\.\d+)?\s+(ZPMOL|ZEPTOMOLE|ZEPTOMOLES)$,,
ATOMIC_MASS,ATOMIC_MASS_YCMOL,^[0-9]+(\.\d+)?\s+(YCMOL|YOCTOMOLE|YOCTOMOLES)$,,
UNIT_LIGHT_INTENSITY,UNIT_LIGHT_INTENSITY_BOUGIE,^[0-9]+(\.\d+)\s+(BOUGIE)$,,
UNIT_LIGHT_INTENSITY,UNIT_LIGHT_INTENSITY_YCD,^[0-9]+(\.\d+)\s+(YCD|YOTTACANDELA|YOTTACANDELAS)$,,
UNIT_LIGHT_INTENSITY,UNIT_LIGHT_INTENSITY_ZCD,^[0-9]+(\.\d+)\s+(ZCD|ZETTACANDELA|ZETTACANDELAS)$,,
UNIT_LIGHT_INTENSITY,UNIT_LIGHT_INTENSITY_ECD,^[0-9]+(\.\d+)\s+(ECD|EXACANDELA|EXACANDELAS)$,,
UNIT_LIGHT_INTENSITY,UNIT_LIGHT_INTENSITY_FR_PCD,^[0-9]+(\.\d+)\s+(P�TACANDELA|PCD|P�TACANDELA)$,,
UNIT_LIGHT_INTENSITY,UNIT_LIGHT_INTENSITY_EN_PCD,^[0-9]+(\.\d+)\s+(PCD|PETACANDELA|PETACANDELA)$,,
UNIT_LIGHT_INTENSITY,UNIT_LIGHT_INTENSITY_FR_TCD,^[0-9]+(\.\d+)?\s+(T�RACANDELA|TCD|T�ERACANDELAS)$,,
UNIT_LIGHT_INTENSITY,UNIT_LIGHT_INTENSITY_EN_TCD,^[0-9]+(\.\d+)?\s+(TCD|TERACANDELA|TERACANDELA)$,,
UNIT_LIGHT_INTENSITY,UNIT_LIGHT_INTENSITY_GCD,^[0-9]+(\.\d+)?\s+(GCD|GIGACANDELA|GIGACANDELAS)$,,
UNIT_LIGHT_INTENSITY,UNIT_LIGHT_INTENSITY_FR_MGCD,^[0-9]+(\.\d+)?\s+(MGCD|M�GACANDELA|M�GACANDELAS)$,,
UNIT_LIGHT_INTENSITY,UNIT_LIGHT_INTENSITY_EN_MGCD,^[0-9]+(\.\d+)?\s+(MGCD|MEGACANDELAS|MEGACANDELA)$,,
UNIT_LIGHT_INTENSITY,UNIT_LIGHT_INTENSITY_KCD,^[0-9]+(\.\d+)?\s+(KCD|KILOCANDELA|KILOCANDELAS)$,,
UNIT_LIGHT_INTENSITY,UNIT_LIGHT_INTENSITY_HCD,^[0-9]+(\.\d+)?\s+(HCD|HECTOCANDELA|HECTOCANDELAS)$,,
UNIT_LIGHT_INTENSITY,UNIT_LIGHT_INTENSITY_FR_DACD,^[0-9]+(\.\d+)?\s+(DACD|D�CACANDELA|D�ECACANDELAS)$,,
UNIT_LIGHT_INTENSITY,UNIT_LIGHT_INTENSITY_EN_DACD,^[0-9]+(\.\d+)?\s+(DACD|DECACANDELAS|DECACANDELA)$,,
UNIT_LIGHT_INTENSITY,UNIT_LIGHT_INTENSITY_CD,^[0-9]+(\.\d+)?\s+(CD|CANDELA|CANDELAS)$,,
UNIT_LIGHT_INTENSITY,UNIT_LIGHT_INTENSITY_FR_DCD,^[0-9]+(\.\d+)?\s+(DCD|D�CACANDELA|D�CACANDELAS)$,,
UNIT_LIGHT_INTENSITY,UNIT_LIGHT_INTENSITY_EN_DCD,^[0-9]+(\.\d+)?\s+(DCD|DECACANDELAS|DECACANDELA)$,,
UNIT_LIGHT_INTENSITY,UNIT_LIGHT_INTENSITY_CCD,^[0-9]+(\.\d+)?\s+(CCD|CENTICANDELA|CENTICANDELAS)$,,
UNIT_LIGHT_INTENSITY,UNIT_LIGHT_INTENSITY_MCD,^[0-9]+(\.\d+)?\s+(MCD|MILLICANDELA|MILLICANDELAS)$,,
UNIT_LIGHT_INTENSITY,UNIT_LIGHT_INTENSITY_UCD,^[0-9]+(\.\d+)?\s+(UCD|MICROCANDELA|MICROCANDELAS)$,,
UNIT_LIGHT_INTENSITY,UNIT_LIGHT_INTENSITY_NCD,^[0-9]+(\.\d+)?\s+(NCD|NANOCANDELA|NANOCANDELLA)$,,
UNIT_LIGHT_INTENSITY,UNIT_LIGHT_INTENSITY_PCD,^[0-9]+(\.\d+)?\s+(PCD|PICOCANDELA|PICOCANDELLAS)$,,
UNIT_LIGHT_INTENSITY,UNIT_LIGHT_INTENSITY_FCD,^[0-9]+(\.\d+)?\s+(FCD|FEMTOCANDELA|FEMTOCANDELAS)$,,
UNIT_LIGHT_INTENSITY,UNIT_LIGHT_INTENSITY_ACD,^[0-9]+(\.\d+)?\s+(ACD|ATTOCANDELA|ATTOCANDELAS)$,,
UNIT_LIGHT_INTENSITY,UNIT_LIGHT_INTENSITY_ZPCD,^[0-9]+(\.\d+)?\s+(ZPCD|ZPTOCANDELA|ZEPTOCANDELAS)$,,
UNIT_LIGHT_INTENSITY,UNIT_LIGHT_INTENSITY_YCCD,^[0-9]+(\.\d+)?\s+(YCCD|YOCTOCANDELA|YOCTOCANDELAS)$,,
LUMINOUS_ILLUMINANCE,LUMINOUS_ILLUMINANCE_LM,^[0-9]+(\.\d+)?\s+(LM|LUMEN)$,,
LUMINOUS_ILLUMINANCE,LUMINOUS_ILLUMINANCE_LX,^[0-9]+(\.\d+)?\s+(LX|LUX)$,,
LUMINOUS_ILLUMINANCE,LUMINOUS_ILLUMINANCE_PH,^[0-9]+(\.\d+)?\s+(PH|PHOT)$,,
TENSION,TENSION,^[0-9]+(\.\d+)?\s+(V|VOLTT)$,,
ELECTRIC_POWER,ELECTRIC_POWER,^[0-9]+(\.\d+)?\s+(A|AMPERE|AMPERES|AMP�RES)$,,
POWER_WATT,POWER_WATT,^[0-9]+(\.\d+)?\s+(W|WATT)$,,
CAPACITY,CAPACITY,^[0-9]+(\.\d+)?\s+(F|FARAD)$,,
FREQUENCY,FREQUENCY,^[0-9]+(\.\d+)?\s+(HZ|HERTZ)$,,
ELECTRIC_QUANTITY,ELECTRIC_QUANTITY,^[0-9]+(\.\d+)?\s+(C|COULOMB)$,,
ENERGY,ENERGY,^[0-9]+(\.\d+)?\s+(J|JOULE|JOULES)$,,
ELECTRIC_FIELD,ELECTRIC_FIELD,^[0-9]+(\.\d+)?\s+(V\/M|VOLT-METER|VOLT-METERS|VOLT-M�TRE|VOLT-M�TRES)$,,
POWER_NEWTON,POWER_NEWTON,^[0-9]+(\.\d+)?\s+(N|NEWTON|NEWTONS)$,,
GRAVITY,GRAVITY,^[0-9]+(\.\d+)?\s+(N\/KG|NEWTON\/KILOGRAMME|NEWTONS\/KILOGRAMMES)$,,
ENERGY,CALORIE _KCAL,^[0-9]+(\.\d+)?\s+(KCAL|KILOCALORIE|KILOCALERIES)$,,
ENERGY,CALORIE _FR_MCAL,^[0-9]+(\.\d+)?\s+(MCAL|M�GACALORIE|M�GACALERIES)$,,
ENERGY,CALORIE _EN_MCAL,^[0-9]+(\.\d+)?\s+(MCAL|MEGACALERIES|MEGACALORIE)$,,
ENERGY,CALORIE _CAL,^[0-9]+(\.\d+)?\s+(CAL|CALORIE|CALERIES)$,,
ENERGY,FRIGORIE_FG,^[\+-]?[0-9]+(\.\d+)?\s+(FG|FRIGORIE|FRIGORIES)$,,
PRESSURE_AND_CONTRAINT,PRESSURE_AND_CONTRAINT_HPA,^[0-9]+(\.\d+)?\s+(HPA|HECTOPASCAL|HECTOPASCALS)$,,
PRESSURE_AND_CONTRAINT,PRESSURE_AND_CONTRAINT_KPA,^[0-9]+(\.\d+)?\s+(KPA|KILOPASCAL|KILOPASCALS)$,,
PRESSURE_AND_CONTRAINT,PRESSURE_AND_CONTRAINT_FR_MPA,^[0-9]+(\.\d+)?\s+(MPA|M�GAPASCAL|M�GAOPASCALS)$,,
PRESSURE_AND_CONTRAINT,PRESSURE_AND_CONTRAINT_EN_MPA,^[0-9]+(\.\d+)?\s+(MPA|MEGAPASCALS|MEGAPASCAL)$,,
PRESSURE_AND_CONTRAINT,PRESSURE_AND_CONTRAINT_GPA,^[0-9]+(\.\d+)?\s+(GPA|GIGAPASCAL|GIGAPASCALS)$,,
PRESSURE_AND_CONTRAINT,PRESSURE_AND_CONTRAINT_FR_TPA,^[0-9]+(\.\d+)?\s+(TPA|T�RAPASCAL|T�RAPASCALS)$,,
PRESSURE_AND_CONTRAINT,PRESSURE_AND_CONTRAINT_EN_TPA,^[0-9]+(\.\d+)?\s+(TPA|TERAPASCALS|TERAPASCAL)$,,
PRESSURE_AND_CONTRAINT,PRESSURE_AND_CONTRAINT_BAR,^[0-9]+(\.\d+)?\s+(BAR|BARS)$,,
TIME_SECONDS,TIME_SECONDS_FR_YS,^[0-9]+(\.\d+)?\s+(YS|YOTTASECONDE|YOTTASECONDES)$,,
TIME_SECONDS,TIME_SECONDS_EN_YS,^[0-9]+(\.\d+)?\s+(YS|YOTTASECOND|YOTTASECONDS)$,,
TIME_SECONDS,TIME_SECONDS_FR_ZS,^[0-9]+(\.\d+)?\s+(ZS|ZETTASECONDE|ZETTASECONDES)$,,
TIME_SECONDS,TIME_SECONDS_EN_ZS,^[0-9]+(\.\d+)?\s+(ZS|ZETTASECOND|ZETTASECONDS)$,,
TIME_SECONDS,TIME_SECONDS_FR_ES,^[0-9]+(\.\d+)?\s+(ES|EXASECONDE|EXASECONDES)$,,
TIME_SECONDS,TIME_SECONDS_EN_ES,^[0-9]+(\.\d+)?\s+(ES|EXASECOND|EXASECONDS)$,,
TIME_SECONDS,TIME_SECONDS_FR_PS,^[0-9]+(\.\d+)?\s+(PS|P�TASECONDE|P�TASECONDES)$,,
TIME_SECONDS,TIME_SECONDS_EN_PS,^[0-9]+(\.\d+)?\s+(PS|PETASECOND|PETASECONDS)$,,
TIME_SECONDS,TIME_SECONDS_FR_TS,^[0-9]+(\.\d+)?\s+(TS|T�RASECONDE|T�RASECONDES)$,,
TIME_SECONDS,TIME_SECONDS_EN_TS,^[0-9]+(\.\d+)?\s+(TS|TERASECOND|TERASECONDS)$,,
TIME_SECONDS,TIME_SECONDS_FR_GS,^[0-9]+(\.\d+)?\s+(GS|GIGASECONDE|GIGASECONDES)$,,
TIME_SECONDS,TIME_SECONDS_EN_GS,^[0-9]+(\.\d+)?\s+(GS|GIGASECOND|GIGASECONDS)$,,
TIME_SECONDS,TIME_SECONDS_FR_MGS,^[0-9]+(\.\d+)?\s+(MGS|M�GASECONDE|M�GASECONDES)$,,
TIME_SECONDS,TIME_SECONDS_EN_MGS,^[0-9]+(\.\d+)?\s+(MGS|MEGASECOND|MEGASECONDS)$,,
TIME_SECONDS,TIME_SECONDS_FR_KS,^[0-9]+(\.\d+)?\s+(KS|KILOSECONDE|KILOSECONDES)$,,
TIME_SECONDS,TIME_SECONDS_EN_KS,^[0-9]+(\.\d+)?\s+(KS|KILOSECOND|KILOSECONDS)$,,
TIME_SECONDS,TIME_SECONDS_FR_HS,^[0-9]+(\.\d+)?\s+(HS|HECTOSECONDE|HECTOSECONDES)$,,
TIME_SECONDS,TIME_SECONDS_EN_HS,^[0-9]+(\.\d+)?\s+(HS|HECTOSECOND|HECTOSECONDS)$,,
TIME_SECONDS,TIME_SECONDS_FR_DAS,^[0-9]+(\.\d+)?\s+(DAS|D�CASECONDES|D�CASECONDES)$,,
TIME_SECONDS,TIME_SECONDS_EN_DAS,^[0-9]+(\.\d+)?\s+(DAS|DECASECONDS|DECASECONDS)$,,
TIME_SECONDS,TIME_SECONDS_FR_S,^[0-9]+(\.\d+)?\s+(S|SECONDE|SECONDES)$,,
TIME_SECONDS,TIME_SECONDS_EN_S,^[0-9]+(\.\d+)?\s+(S|SECOND|SECONDS)$,,
TIME_SECONDS,TIME_SECONDS_FR_DS,^[0-9]+(\.\d+)?\s+(DS|D�CISECONDE|D�CISECONDES)$,,
TIME_SECONDS,TIME_SECONDS_EN_DS,^[0-9]+(\.\d+)?\s+(DS|DCISECOND|DECISECONDS)$,,
TIME_SECONDS,TIME_SECONDS_FR_CS,^[0-9]+(\.\d+)?\s+(CS|CENTISECONDE|CENTISECONDES)$,,
TIME_SECONDS,TIME_SECONDS_EN_CS,^[0-9]+(\.\d+)?\s+(CS|CENTISECOND|CENTISECONDS)$,,
TIME_SECONDS,TIME_SECONDS_FR_MS,^[0-9]+(\.\d+)?\s+(MS|MILLLISECONDE|MILLISECONDES)$,,
TIME_SECONDS,TIME_SECONDS_EN_MS,^[0-9]+(\.\d+)?\s+(MS|MILLLISECOND|MILLISECONDS)$,,
TIME_SECONDS,TIME_SECONDS_FR_US,^[0-9]+(\.\d+)?\s+(US|MICROSECONDE|MICROSECONDES)$,,
TIME_SECONDS,TIME_SECONDS_EN_US,^[0-9]+(\.\d+)?\s+(US|MICROSECOND|MICROSECONDS)$,,
TIME_SECONDS,TIME_SECONDS_FR_NS,^[0-9]+(\.\d+)?\s+(NS|NANOSECONDE|NANOSECONDES)$,,
TIME_SECONDS,TIME_SECONDS_EN_NS,^[0-9]+(\.\d+)?\s+(NS|NANOSECOND|NANOSECONDS)$,,
TIME_SECONDS,TIME_SECONDS_FR_PS,^[0-9]+(\.\d+)?\s+(PS|PICOSECONDE|PICOSECONDES)$,,
TIME_SECONDS,TIME_SECONDS_EN_PS,^[0-9]+(\.\d+)?\s+(PS|PICOSECOND|PICOSECONDS)$,,
TIME_SECONDS,TIME_SECONDS_FR_FS,^[0-9]+(\.\d+)?\s+(FS|FEMTOSECONDE|FEMTOSECONDES)$,,
TIME_SECONDS,TIME_SECONDS_EN_FS,^[0-9]+(\.\d+)?\s+(FS|FEMTOSECOND|FEMTOSECONDS)$,,
TIME_SECONDS,TIME_SECONDS_FR_AS,^[0-9]+(\.\d+)?\s+(AS|ATTOSECONDE|ATTOSECONDES)$,,
TIME_SECONDS,TIME_SECONDS_EN_AS,^[0-9]+(\.\d+)?\s+(AS|ATTOSECOND|ATTOSECONDS)$,,
TIME_SECONDS,TIME_SECONDS_FR_ZPS,^[0-9]+(\.\d+)?\s+(ZPS|ZEPTOSECONDE|ZEPTOSECONDES)$,,
TIME_SECONDS,TIME_SECONDS_EN_ZPS,^[0-9]+(\.\d+)?\s+(ZPS|ZEPTOSECOND|ZEPTOSECONDS)$,,
TIME_SECONDS,TIME_SECONDS_FR_YCS,^[0-9]+(\.\d+)?\s+(YCS|YOCTOSECONDE|YOCTOSECONDES)$,,
TIME_SECONDS,TIME_SECONDS_EN_YCS,^[0-9]+(\.\d+)?\s+(YCS|YOCTOSECOND|YOCTOSECONDS)$,,
ASTRONOMY_DISTANCE,CENTURY_FR_LIGHT,^[0-9]+(\.\d+)?\s+(SIECLE_LUMIERE|SIECLE_LUMIERE)$,,
ASTRONOMY_DISTANCE,CENTURY_EN_LIGHT,^[0-9]+(\.\d+)?\s+(CENTURY_LIGHT|CENTERIES_LIGHT)$,,
ASTRONOMY_DISTANCE,LIGHT_FR_YEAR,^[0-9]+(\.\d+)?\s+(ANNEE_LUMIERE|ANNEES_LUMIERE)$,,
ASTRONOMY_DISTANCE,LIGHT_EN_YEAR,^[0-9]+(\.\d+)?\s+(YEAR_LIGHT|YEARS_LIGHT)$,,
ASTRONOMY_DISTANCE,DAY_FR_LIGHT,^[0-9]+(\.\d+)?\s+(JOUR_LUMIERE|JOURS_LUMIERE)$,,
ASTRONOMY_DISTANCE,DAY_EN_LIGHT,^[0-9]+(\.\d+)?\s+(DAY_LIGHT|DAYS_LIGHT)$,,
ASTRONOMY_DISTANCE,HOUR_LIGHT,^[0-9]+(\.\d+)?\s+(HEURE_LUMIERE|HEURES_LUMIERE)$,,
ASTRONOMY_DISTANCE,MINUTE_FR_LIGHT,^[0-9]+(\.\d+)?\s+(MINUTE_LUMIERE|MINUTES_LUMIERE)$,,
ASTRONOMY_DISTANCE,SECOND_FR_LIGHT,^[0-9]+(\.\d+)?\s+(SECONDE_LUMIERE|SECONDES_LUMIERE)$,,
ASTRONOMY_DISTANCE,SECOND_EN_LIGHT,^[0-9]+(\.\d+)?\s+(SECOND_LUMIERE|SECONDS_LUMIERE)$,,
ASTRONOMY_DISTANCE,PARSC_PC,^[0-9]+(\.\d+)?\s+(PC|PARSEC|PARSECS)$,,
ASTRONOMY_DISTANCE,PARSC_KPC,^[0-9]+(\.\d+)?\s+(KPC|PARSEC|PARSECS)$,,
ASTRONOMY_DISTANCE,PARSC_FR_MPC,^[0-9]+(\.\d+)?\s+(MPC|M�GAPARSEC|M�GAPARSECS)$,,
ASTRONOMY_DISTANCE,PARSC_EN_MPC,^[0-9]+(\.\d+)?\s+(MPC|MEGAPARSECS|MEGAPARSEC)$,,
ASTRONOMY_DISTANCE,PARSC_GPC,^[0-9]+(\.\d+)?\s+(GPC|GIGAPARSEC|GIGAPARSECS)$,,
ASTRONOMY_DISTANCE,ASTRONOMICAL_UNIT_AU,^[0-9]+(\.\d+)?\s+(AU|UA)$,,
SPEED,SPEED_FR_KM/H,^[0-9]+(\.\d+)?\s+(KM\/H|KILOM�TRE\/HEURE|KILOM�TRES\/HEURE)$,,
SPEED,SPEED_EN_KM/H,^[0-9]+(\.\d+)?\s+(KM\/H|KILOMETER\/HOUR|KILOMETERS\/HOUR)$,,
SPEED,SPEED_FR_M/H,^[0-9]+(\.\d+)?\s+(M\/H|M�TRE\/HEURE|M�TRES\/HEURE)$,,
SPEED,SPEED_EN_M/H,^[0-9]+(\.\d+)?\s+(M\/H|METER\/HOUR|METERS\/HOUR)$,,
SPEED,SPEED_FR_MP/H,^[0-9]+(\.\d+)?\s+(MP\/H|MILLE\/HEURE|MILLE\/HEURE)$,,
SPEED,SPEED_EN_MP/H,^[0-9]+(\.\d+)?\s+(MP\/H|MILE\/HOUR|MILE\/HOUR)$,,
SPEED,SPEED_FR_FT/H,^[0-9]+(\.\d+)?\s+(FT\/H|PIERD\/HEURE|PIERDS\/HEURE)$,,
SPEED,SPEED_EN_FT/H,^[0-9]+(\.\d+)?\s+(FT\/H|FEET\/HOUR|FOOT\/HOUR)$,,
SPEED,SPEED_FR_KM/MIN,^[0-9]+(\.\d+)?\s+(KM\/MIN|KILOM�TRE\/MINUTE|KILOM�TRES\/MINUTE)$,,
SPEED,SPEED_EN_KM/MIN,^[0-9]+(\.\d+)?\s+(KM\/MIN|KILOMETER\/MINUTE|KILOMETERS\/MINUTE)$,,
SPEED,SPEED_FR_M/MIN,^[0-9]+(\.\d+)?\s+(M\/MIN|M�TRE\/MINUTE|M�TRES\/MINUTE)$,,
SPEED,SPEED_EN_M/MIN,^[0-9]+(\.\d+)?\s+(M\/MIN|METER\/MINUTE|METERS\/MINUTE)$,,
SPEED,SPEED_FR_MP/MIN,^[0-9]+(\.\d+)?\s+(MP\/MIN|MILLE\/MINUTE|MILLE\/MINUTE)$,,
SPEED,SPEED_EN_MP/MIN,^[0-9]+(\.\d+)?\s+(MP\/MIN|MILE\/MINUTE|MILE\/MINUTE)$,,
SPEED,SPEED_FR_FT/MIN,^[0-9]+(\.\d+)?\s+(FT\/MIN|PIED\/MINITE|PIEDS\/MINUTE)$,,
SPEED,SPEED_EN_FT/MIN,^[0-9]+(\.\d+)?\s+(FT\/MIN|FOOT\/MINITE|FEET\/MINUTE)$,,
SPEED,SPEED_FR_KM/S,^[0-9]+(\.\d+)?\s+(KM\/S|KILOM�TRE\/SECONDE|KILOM�TRES\/SECONDE)$,,
SPEED,SPEED_EN_KM/S,^[0-9]+(\.\d+)?\s+(KM\/S|KILOMETERS\/SECOND|KILOMETER\/SECOND)$,,
SPEED,SPEED_FR_M/S,^[0-9]+(\.\d+)?\s+(M\/S|M�TRE\/SECONDE|M�TRES\/SECONDE)$,,
SPEED,SPEED_EN_M/S,^[0-9]+(\.\d+)?\s+(M\/S|METERS\/SECOND|METER\/SECOND)$,,
SPEED,SPEED_FR_MP/S,^[0-9]+(\.\d+)?\s+(MP\/S|MILLE\/SECONDE|MILLES\/SECONDE)$,,
SPEED,SPEED_EN_MP/S,^[0-9]+(\.\d+)?\s+(MP\/S|MILE\/SECOND|MILES\/SECOND)$,,
SPEED,SPEED_FR_FT/S,^[0-9]+(\.\d+)?\s+(FT\/S|PIED\/SECONDE|PIEDS\/SECONDE)$,,
SPEED,SPEED_EN_FT/S,^[0-9]+(\.\d+)?\s+(FT\/S|FOOT\/SECOND|FEET\/SECOND)$,,
SPEED,SPEED_KT,^[0-9]+(\.\d+)?\s+(KT|NOEUD|NOEUDS)$,,
SPEED,SPEED_FR_SEAMILES/H,^[0-9]+(\.\d+)?\s+(SEAMILLE\/HEURE|MILLE_NAUTIQUE\/HEURE|MILLES_NAUTIQUES\/HEURE)$,,
SPEED,SPEED_EN_SEAMILES/H,^[0-9]+(\.\d+)?\s+(SEAMILES\/HOUR|MILE_NAUTIQUE\/HOUR|MILES_NAUTIQUES\/HOUR)$,,
SPEED,SPEED_FR_MPH,^[0-9]+(\.\d+)?\s+(MPH|MILLE\/HEURE|MILLES\/HEURE)$,,
SPEED,SPEED_EN_MPH,^[0-9]+(\.\d+)?\s+(MPH|MILE\/HOUR|MILES\/HOUR)$,,
SPORT_UNIT,SPORT_UNIT_FR_SEC/KM,^[0-9]+(\.\d+)?\s+(S\/KM|SECONDE\/KILOM�TRE|SECONDES\/KILOM�TRE)$,,
SPORT_UNIT,SPORT_UNIT_EN_SEC/KM,^[0-9]+(\.\d+)?\s+(S\/KM|SECOND\/KILOMETER|SECONDS\/KILOMETER)$,,
SPORT_UNIT,SPORT_UNIT_FR_SEC/M,^[0-9]+(\.\d+)?\s+(S\/M|SECOND\/M�TRE|SECONDS\/M�TRE)$,,
SPORT_UNIT,SPORT_UNIT_EN_SEC/M,^[0-9]+(\.\d+)?\s+(S\/M|SECONDS\/METER|SECOND\/METER)$,,
SPORT_UNIT,SPORT_UNIT_FR_SEC/MILE,^[0-9]+(\.\d+)?\s+(S\/MILE|SECONDE\/MILLE|SECONDS\/MILLE)$,,
SPORT_UNIT,SPORT_UNIT_EN_SEC/MILE,^[0-9]+(\.\d+)?\s+(S\/MILE|SECONDE\/MILE|SECONDS\/MILE)$,,
SPORT_UNIT,SPORT_UNIT_FR_MIN/KM,^[0-9]+(\.\d+)?\s+(MIN\/KM|MINUTE\/KILOM�TRE|MINUTES\/KILOM�TRE)$,,
SPORT_UNIT,SPORT_UNIT_EN_MIN/KM,^[0-9]+(\.\d+)?\s+(MIN\/KM|MINUTE\/KILOMETER|MINUTES\/KILOMETER)$,,
SPORT_UNIT,SPORT_UNIT_FR_MIN/M,^[0-9]+(\.\d+)?\s+(MIN\/M|MINUTE\/M�TRE|MINUTES\/M�TRE)$,,
SPORT_UNIT,SPORT_UNIT_EN_MIN/M,^[0-9]+(\.\d+)?\s+(MIN\/M|MINUTES\/METER|MINUTE\/METER)$,,
SPORT_UNIT,SPORT_UNIT_FR_MIN/MILE,^[0-9]+(\.\d+)?\s+(MIN\/MILE|MINUTE\/MILLE|MINUTES\/MILLE)$,,
SPORT_UNIT,SPORT_UNIT_EN_MIN/MILE,^[0-9]+(\.\d+)?\s+(MIN\/MILE|MINUTE\/MILE|MINUTES\/MILE)$,,
CLOTHING_SIZE,SIZE_JACKETS_COATS_PARKAS_COSTUMES),^(XS|S|M|L|XL|XXL|XXXL)$,,
CLOTHING_SIZE,SIZE_SWEATERS_T-SHIRT_SWEETS_POLOS,^((XS|S|M|L|XL|XXL|XXXL|1|2|3|4|5|6|7))$,,
CLOTHING_SIZE,CLOTHING_SIZE_NUM,^(32|35|36|37|38|39|40|41|42|43|44||45|46|47|48|49|50|51|52)$,,
CLOTHING_SIZE,AMERICAN_SIZE_MAN ,^(XXS|XS|S|M|L|XL|XXL)$,,
CLOTHING_SIZE,AMERICAN_SIZE_WOMEN,^(S|M|L|XL|XXL|XXXL|XXXXL)$,,
CLOTHING_SIZE,SIZE_DRESS_BE,^(34|36|38|40|42|44|46|48|50|52)$,,
CLOTHING_SIZE,SIZE_DRESS_FR,^(34|36|38|40|42|44|46|48|50|52)$,,
CLOTHING_SIZE,SIZE_DRESS_ES,^(34|36|38|40|42|44|46|48|50|52)$,,
CLOTHING_SIZE,SIZE_DRESS_PT,^(34|36|38|40|42|44|46|48|50|52)$,,
CLOTHING_SIZE,SIZE_DRESS_US,^(2|4|6|8|10|12|14|16|18|20)$,,
CLOTHING_SIZE,SIZE_DRESS_GB,^(6|8|10|12|14|16|18|20|22|24)$,,
CLOTHING_SIZE,SIZE_DRESS_AE,^(32|34|36|38|40|42|44|46|48|50)$,,
CLOTHING_SIZE,SIZE_DRESS_NL,^(32|34|36|38|40|42|44|46|48|50)$,,
CLOTHING_SIZE,SIZE_DRESS_SE,^(32|34|36|38|40|42|44|46|48|50)$,,
CLOTHING_SIZE,SIZE_DRESS_IT,^(38|40|42|44|46|48|50|52|54|56)$,,
CLOTHING_SIZE,SIZE_DRESS_AT,^(32|34|36|38|40|42|44|46|48|50)$,,
CLOTHING_SIZE,UNIV_SIZE_DRESS,^(XS|S|M|M|L|L|XL|XL|XXL|3XL)$,,
CLOTHING_SIZE,SIZE_WOMEN_GLOVES_EUR,"^(6,5|7|7,5|8|8,5|9|9,5|10)$",,
CLOTHING_SIZE,SIZE_WOMEN_GLOVES_AM,^(S|M|L|XL)$,,
CLOTHING_SIZE,SIZE_MEN_GLOVES_EUR,"^(6,5|7|7,5|8|8,5|9|9,5|10)$",,
CLOTHING_SIZE,SIZE_MEN_GLOVES_AM,^(XS|S|M|L|XL|XXL)$,,
CLOTHING_SIZE,SIZE_MEN_TROUSSERS_US,^(XS|S|M|L|XL|XXL)$,,
CLOTHING_SIZE,SIZE_TROUSSERS_MEN_FR,^(36/38|40/42|44/46|48/50|52/54|56/58)$,,
SIZE_SHOES,SIZE_WOMEN_SHOES_FR,^(30|31|32|33|34|35|36|37|38|39|40|41|42|43|44|45|46|47|48|49|50)$,,
SIZE_SHOES,SIZE_MEN_SHOES_FR,^(30|31|32|33|34|35|36|37|38|39|40|41|42|43|44|45|46|47|48|49|50)$,,
SIZE_SHOES,SIZE_SHOES_EUR,^(35|36|37|38|39|40|41|42|43|44||45|46|47|48|49|50|51|52)$,,
SIZE_SHOES,SIZE_SHOES_US,"^(0,5|1,5|2,5|3,5|4,5|5.5|6,5|7.5|8,5|9,5|10,5|11,5|12,5|13,5|14,5|15,5|16,5|17,5)$",,
SIZE_SHOES,SIZE_SHOES_IT,^(29|30|31|32|33|34|35|36|37|38|39|40|41|42|43|44|45|46|47|48|49)$,,
SIZE_SHOES,SIZE_SHOES_JP,^(16|17|18|19|20|21|22|23|24|25|26|27|28|29|30|31|32|33|34|35|36)$,,
SIZE_SHOES,SIZE_SHOES_UK,^(0|1|2|3|4|5|6|7|8|9|10|11|12|13|14|15|16|17)$,,
LIQUIDMEASUREMENT,LIQUIDMEASUREMENT_FR_KL,^[0-9]+(\.\d+)?\s+(KL|KILOLITRE)$,,
LIQUIDMEASUREMENT,LIQUIDMEASUREMENT_EN_KL,^[0-9]+(\.\d+)?\s+(KL|KILOLITER)$,,
LIQUIDMEASUREMENT,LIQUIDMEASUREMENT_FR_DAL,^[0-9]+(\.\d+)?\s+(DAL|D�CALITRE)$,,
LIQUIDMEASUREMENT,LIQUIDMEASUREMENT_EN_DAL,^[0-9]+(\.\d+)?\s+(DAL|DECALITER)$,,
LIQUIDMEASUREMENT,LIQUIDMEASUREMENT_FR_L,^[0-9]+(\.\d+)?\s+(L|LITRE|LITRES)$,,
LIQUIDMEASUREMENT,LIQUIDMEASUREMENT_EN_L,^[0-9]+(\.\d+)?\s+(L|LITER|LITERS)$,,
LIQUIDMEASUREMENT,LIQUIDMEASUREMENT_FR_DL,^[0-9]+(\.\d+)?\s+(DL|D�CILITRE|D�CILITRES)$,,
LIQUIDMEASUREMENT,LIQUIDMEASUREMENT_EN_DL,^[0-9]+(\.\d+)?\s+(DL|DECILITER|DECILITERS)$,,
LIQUIDMEASUREMENT,LIQUIDMEASUREMENT_FR_CL,^[0-9]+(\.\d+)?\s+(CL|CENTILIRE|CENTILITRES)$,,
LIQUIDMEASUREMENT,LIQUIDMEASUREMENT_EN_CL,^[0-9]+(\.\d+)?\s+(CL|CENTILIRE|CENTILITRES)$,,
LIQUIDMEASUREMENT,LIQUIDMEASUREMENT_FR_ML,^[0-9]+(\.\d+)?\s+(ML|MILLILITRE|MILLITRES)$,,
LIQUIDMEASUREMENT,LIQUIDMEASUREMENT_EN_ML,^[0-9]+(\.\d+)?\s+(ML|MILLILITER|MILLITERS)$,,
ANGLE,DEGREE_FR,^(0?[0-9](\.\d+)?|[1-9][0-9](\.\d+)?|[0-2][0-9][0-9](\.\d+)?|[3-3][0-5][0-9](\.\d+)?|360)\s+(�|DEGR�|DEGR�S)$,,
ANGLE,DEGREE_EN,^(0?[0-9](\.\d+)?|[1-9][0-9](\.\d+)?|[0-2][0-9][0-9](\.\d+)?|[3-3][0-5][0-9](\.\d+)?|360)\s+(�|DEGREE|DEGREES)$,,
ANGLE,RADIAN,^(([0-9]+(\/)[0-9]+)|[0-9]+(\.\d+)?)(|PI)\s+(RAD|RADIAN|RADIANS)$,,
ANGLE,GRADE,^(0?[0-9](\.\d+)?|[1-9][0-9](\.\d+)?|[1-3][0-9][0-9](\.\d+)?|400)\s+(GONE|GONES)$,,
ANGLE,ROUND_FR,^(([0-9]+(\/)[0-9]+)|[0-9]+(\.\d+)?)\s+(TOURS|TOURS)$,,
ANGLE,ROUND_EN,^(([0-9]+(\/)[0-9]+)|[0-9]+(\.\d+)?)\s+(GROUND|GROUNDS)$,,
TRIGONOMETRY,TRIGONOMETRY_COS,^(COS|COSINUS)\s?[\+-]?((([0-9]+(\/)[0-9]+)|[0-9]+(\.\d+)?)(|PI))|(\([01]\))$,,
TRIGONOMETRY,TRIGONOMETRY_SIN,^(SIN|SINUS)\s?[\+-]?((([0-9]+(\/)[0-9]+)|[0-9]+(\.\d+)?)(|PI))|(\([01]\))$,,
TRIGONOMETRY,TRIGONOMETRY_TAN,^(TAN|TG|TANGENTE)\s?[\+-]?((([0-9]+(\/)[0-9]+)|[0-9]+(\.\d+)?)(|PI))|(\([01]\))$,,
TRIGONOMETRY,TRIGONOMETRY_ARCCOS,^(ARCOS|ARC_COSINUS)\s?[\+-]?((([0-9]+(\/)[0-9]+)|[0-9]+(\.\d+)?)(|PI))|(\([01]\))$,,
TRIGONOMETRY,TRIGONOMETRY_ARCSIN,^(ARCSIN|ARC_SINUS)\s?[\+-]?((([0-9]+(\/)[0-9]+)|[0-9]+(\.\d+)?)(|PI))|(\([01]\))$,,
TRIGONOMETRY,TRIGONOMETRY_ARCTAN,^(ARCTAN|ARCTG|ARC_TANGENTE)\s?[\+-]?((([0-9]+(\/)[0-9]+)|[0-9]+(\.\d+)?)(|PI))|(\([01]\))$,,
TRIGONOMETRY,TRIGONOMETRY_COTAN,^(COTAN|COT|COTANGENTE)\s?[\+-]?((([0-9]+(\/)[0-9]+)|[0-9]+(\.\d+)?)(|PI))|(\([01]\))$,,
NUMBER,BINARY_NUMBER,^(([0-1])*$ )$,,
NUMBER,HEXADECIMAL_NUMBER ,^(([0-9a-fA-F]){8}$)$,,
NUMBER,ROMAN_NUMERIALS ,"^(?=[MDCLXVI])((M{0,3})((C[DM])|(D?C{0,3}))?((X[LC])|(L?XX{0,2})|L)?((I[VX])|(V?(II{0,2}))|V)?)$",,
NUMBER,REAL_NUMBER,^([-+]?\d+(\.\d+)?$)$,,
NUMBER,SEQUENCE_OF REAL_NUMBERS ,"^((\d?)|(([-+]?\d+\.?\d*)|([-+]?\d*\.?\d+))|(([-+]?\d+\.?\d*\,\ ?)*([-+]?\d+\.?\d*))|(([-+]?\d*\.?\d+\,\ ?)*([-+]?\d*\.?\d+))|(([-+]?\d+\.?\d*\,\ ?)*([-+]?\d*\.?\d+))|(([-+]?\d*\.?\d+\,\ ?)*([-+]?\d+\.?\d*)))$",,
NUMBER,SIGNED_INTEGER,^((\+|-)?\d+$)$,,
NUMBER,INTEGER_NUMBERS_WITH DECIMALS,"^(([0-9]*\,?[0-9]+|[0-9]+\,?[0-9]*)?$)$",,
NUMBER,DECIMAL_NUMBER,^(\d*[0-9](|.\d*[0-9]|)*$)$,,
FLOATING_PONIT_PROCESSING,FLOATING_PONIT_PROCESSING_KFLOPS,^[0-9]+(\.\d+)?\s+(KFLOPS|KIOFLOPS)$,,
FLOATING_PONIT_PROCESSING,FLOATING_PONIT_PROCESSING_FR_MFLOPS,^[0-9]+(\.\d+)?\s+(MFLOPS|M�GAFLOPS)$,,
FLOATING_PONIT_PROCESSING,FLOATING_PONIT_PROCESSING_EN_MFLOPS,^[0-9]+(\.\d+)?\s+(MFLOPS|MEGAFLOPS)$,,
FLOATING_PONIT_PROCESSING,FLOATING_PONIT_PROCESSING_GFLOPS,^[0-9]+(\.\d+)?\s+(GFLOPS|GIGAFLOPS)$,,
FLOATING_PONIT_PROCESSING,FLOATING_PONIT_PROCESSING_TFLOPS,^[0-9]+(\.\d+)?\s+(TFLOPS|TERAFLOPS)$,,
FLOATING_PONIT_PROCESSING,FLOATING_PONIT_PROCESSING_FR_PFLOPS,^[0-9]+(\.\d+)?\s+(PFLOPS|P�TAFLOPS)$,,
FLOATING_PONIT_PROCESSING,FLOATING_PONIT_PROCESSING_EN_PFLOPS,^[0-9]+(\.\d+)?\s+(PFLOPS|PETAFLOPS)$,,
FLOATING_PONIT_PROCESSING,FLOATING_PONIT_PROCESSING_EFLOPS,^[0-9]+(\.\d+)?\s+(EFLOPS|EXAFLOPS)$,,
FLOATING_PONIT_PROCESSING,FLOATING_PONIT_PROCESSING_ZFLOPS,^[0-9]+(\.\d+)?\s+(ZFLOPS|ZETTAFLOPS)$,,
FLOATING_PONIT_PROCESSING,FLOATING_PONIT_PROCESSING_YFLOPS,^[0-9]+(\.\d+)?\s+(YFLOPS|YOTTAFLOPS)$,,
IMAGE_UNIT,IMAGE_PX,^[0-9]+(\.\d+)?\s+(PX|PIXEL|PIXELS)$,,
IMAGE_UNIT,IMAGE_SX,^[0-9]+(\.\d+)?\s+(SX|SIXEL|SIXELS|SIX_PIXELS)$,,
IMAGE_UNIT,IMAGE_DX,^[0-9]+(\.\d+)?\s+(DX|DEXEL|DEXELS|DEPTH_PIXELS)$,,
IMAGE_UNIT,IMAGE_VX,^[0-9]+(\.\d+)?\s+(VX|VXEL|VOXEL)$,,
COMPUTERSTORAGECAPACITY,COMPUTERSTORAGECAPACITY_KO,^[0-9]+(\.\d+)?\s+(KO|KB|KILO-OCTETS)$,,
COMPUTERSTORAGECAPACITY,COMPUTERSTORAGECAPACITY_MO,^[0-9]+(\.\d+)?\s+(MO|MB|MEGA-OCTETS)$,,
COMPUTERSTORAGECAPACITY,COMPUTERSTORAGECAPACITY_GO,^[0-9]+(\.\d+)?\s+(GO|GB|GIGA-OCTETS)$,,
COMPUTERSTORAGECAPACITY,COMPUTERSTORAGECAPACITY_O,^[0-9]+(\.\d+)?\s+(O|OCTETS)$,,
ODOR,ODOR_FR,^[0-9]+(\.\d+)?\s+(OLFACTOM�TRIE|OLFACTOM�TRIES)$,,
ODOR,ODOR_EN,^[0-9]+(\.\d+)?\s+(OLFACTOMETRIE|OLFACTOMERIES)$,,
VISON,VISON ,^[0-9]+(\.\d+)?\s+(DIOPTRIE|DIOPTRIES)$,,
HEARTBEAT,HEARTBEAT_FR,^[0-9]+(\.\d+)?\s+(BPM|BATTEMENT/MINUTE|BATTEMENT/MIN)$,,
HEARTBEAT,HEARTBEAT_EN,^[0-9]+(\.\d+)?\s+(BPM|BEAT/MINUTE|BEAT/MIN)$,,
CIVILITY,CIVILITY_EN,^(M \.|MRS|MS|MISTER|MISS)$,,
GENDER,GENDER_FR,^(F|M|MASCULIN|F�MININ|FEMELLE|MALE)$,,
CREDITCARDNUMBER,CREDITCARDNUMBER,^( ^ (?: 4 [0-9] {12} (?: [0-9] {3})? | 5 [1-5] [0-9] {14} | 6 (?: 011 | 5 [ 0-9] [0-9]) [0-9] {12} | 3 [47] [0-9] {13} | 3 (?: 0 [0-5] | [68] [0-9 ]) [0-9] {11} | (?: 2131 | 1800 | 35 \ d {3}) \ d {11}) $ )$,,
MASTERCARDNUMBER,MASTERCARDNUMBER,^([51|52|53|54|55]{2})([0-9]{14})$,,
IBAN-BANKCODE,IBAN-BANKCODE,^([A-Z]{2}[0-9]{2}\s[0-9]{4}\s[0-9]{4}\s[0-9]{4}\s[0-9]{4}\s[0-9]{4}\s[0-9]0[1-9]|[1-9][0-7]$)$,,
BIC-BANKCODE,BIC-BANKCODE,^([A-Z]{6}[A-Z0-9]{5})$,,
RIB-BANKCODE,RIB-BANKCODE,^([0-9]{5}\s[0-9]{5}\s[a-z0-9]{11}\0[1-9]|[1-9][0-7]$)$,,
 ISBN, ISBN,"^ISBN\x20[:]?(?=.{13}$)\d{1,5}([- ])\d{1,7}\1\d{1,6}\1(\d|X)$",,
PASSWORD,PASSWORD  TO A LENGTH OF 8 TO 20  ,"^((?=[^\d_].*?\d)\w(\w|[!@#$%]){7,20})$",,
JEWELRY,DIAMANT_CARAT,^([0-9]+(\.\d+)?\s+(CARAT|CARATS|KT|K|CT))$,,
JEWELRY,OR_CARAT,^([0-9]+(\.\d+)?\s+(CARAT|CARATS|KT|K|CT))$,,
JEWELRY,ARGENT_CARAT,^([0-9]+(\.\d+)?\s+(CARAT|CARATS|KT|K|CT))$,,
HEARING_NOISE,HEARING_NOISE_FR_DB,^([0-9]+(\.\d+)?\s+(D�CIBEL|DB|D�CIBELS))$,,
HEARING_NOISE,HEARING_NOISE_EN_DB,^([0-9]+(\.\d+)?\s+(DECIBEL|DB|DECIBELS))$,,
HEARING_NOISE,HEARING_NOISE_FR_DB(A),^([0-9]+(\.\d+)?\s+(D�CIBELA|DB\(A\)|D�CIBELSA))$,,
HEARING_NOISE,HEARING_NOISE_EN_DB(A),^([0-9]+(\.\d+)?\s+(DECIBELA|DB\(A\)|DECIBELSA))$,,
HEARING_NOISE,HEARING_NOISE_EPND,^([0-9]+(\.\d+)?\s+(EPNDB))$,,
HEARING_NOISE,HEARING_NOISE_LDEN,^([0-9]+(\.\d+)?\s+(LDEN))$,,
HEARING_NOISE,HEARING_NOISE_NAX,^([0-9]+(\.\d+)?\s+(NAX))$,,
URL,URL,^(((http|https):\/\/)?(www[.])?([a-zA-Z0-9]|-)+([.][a-zA-Z(-|\/|=|?)?]+)+$)$,,
URL,URL WITH OR WITHOUT PROTOCOL,^(([\d\w.]+?\.(a[cdefgilmnoqrstuwz]|b[abdefghijmnorstvwyz]|c[acdfghiklmnoruvxyz]|d[ejkmnoz]|e[ceghrst]|f[ijkmnor]|g[abdefghilmnpqrstuwy]|h[kmnrtu]|i[delmnoqrst]|j[emop]|k[eghimnprwyz]|l[abcikrstuvy]|m[acdghklmnopqrstuvwxyz]|n[acefgilopruz]|om|p[aefghklmnrstwy]|qa|r[eouw]|s[abcdeghijklmnortuvyz]|t[cdfghjkmnoprtvwz]|u[augkmsyz]|v[aceginu]|w[fs]|y[etu]|z[amw]|aero|arpa|biz|com|coop|edu|info|int|gov|mil|museum|name|net|org|pro)(\b|\W(?<!&|=)(?!\.\s|\.{3}).*?))(\s|$))$,,
HTAG ?,HTAG ?,^(((http|https):\/\/)?(www[.])?([a-zA-Z0-9]|-)+([.][a-zA-Z(-|\/|=|?)?]+)+$)$,,
SCIENTIFIC_WRITING,SCIENTIFIC_WRITING,^(-?[1-9](\.\d+)?)(\s?[x*]\s?10[E^]([\+-]?\d+))|(E([\+-]?\d+))$,,
EMAIL,EMAIL1,"^([a-zA-Z0-9._-]+@[a-zA-Z._-]{2,}\.[a-zA-Z]{2,3}$)$",,
EMAIL,EMAIL2-ADDRESS,^([a-zA-Z0-9!#$%&'*+/=?^_`{|}~-]+(?:\.[a-zA-Z0-9!#$%&'*+/=?^_`{|}~-]+)*@(?:[a-zA-Z0-9](?:[a-zA-Z0-9-]*[a-zA-Z0-9])?\.)+(?:[a-zA-Z]{2}|aero|asia|biz|cat|com|coop|edu|gov|info|int|jobs|mil|mobi|museum|name|net|org|pro|tel|travel))$
COLOR,COLOR_CODE,^(#(([A-F0-9]{6})))$,,
COLOR,RGB COLOR FORMAT ,"^((?:(?:^|,\s*)([01]?\d\d?|2[0-4]\d|25[0-5])){3}$)$",,
IPADRESS,IPADRESS1,^((25[0-5]|2[0-4]\d|[0-1]?\d?\d)(\.(25[0-5]|2[0-4]\d|[0-1]?\d?\d)){3}$)$,,
IPADRESS,IPADRESS2_^255,"^((?=255)(\d{1,3}\.){3}\d{1,3})$",,
IPADRESS,IPADRESS3_!255,"^((?!255)(\d{1,3}\.){3}\d{1,3})$",,
IPADRESS,IPADRESS4_,"^((http://(\S{1,20}:(\S){1,20}@)?)[\S&&[^:/]]+)$",,
SYMBOL,COPYRIGHT_SYMBOL,^(\xA9)$,,
SOURCE,PICTURE_SOURCE,^(src[^&gt;]*[^/].(?:jpg|bmp|gif)(?:\&quot;|\'))$,,
SOCIAL_SECURITY_ NUMBER,SSN-METROPOLITAINE-FR,^([1|2])\s([0-9]{2})\s((0[1-9])|(1[0-2]))\s((2[A|B])|(0[1-9])|([1-9][0-5]))\s((00[1-9])|(0[1-9][0-9])|([1-9][0-8][0-9])|990)\s((00[1-9])|(0[1-9][0-9])|([1-9][0-9][0-9]))\s(0[1-9]|[1-9][0-7])$,,
SOCIAL_SECURITY_ NUMBER,SSN-HORS-METROPOLITAINE-FR,^(([1|2])\s([0-9]{2})\s((0[1-9])|(1[0-2]))\s(96|97|98)\s((00[1-9])|(0[1-9][0-9])|([1-9][0-8][0-9])|990)\s((00[1-9])|(0[1-9][0-9])|([1-9][0-9][0-9]))\s(0[1-9]|[1-9][0-7]))$,,
SOCIAL_SECURITY_ NUMBER,SSN-OUTRE-MERE-FR,^(([1|2])\s([0-9]{2})\s((0[1-9])|(1[0-2]))\s(970|971|972|973|974|975|976|977|978|979|980|981|982|983|984|985|986|987|988|989)\s((00[1-9])|(0[1-9]|([1-8][0-9])|90))\s((00[1-9])|(0[1-9][0-9])|([1-9][0-9][0-9]))\s(0[1-9]|[1-9][0-7]))$,,
SOCIAL_SECURITY_ NUMBER,SSNE_UK,^([A-Z]{2}[0-9]{6}A|C|B|d)$,,
SOCIAL_SECURITY_ NUMBER,SSNE_ES,"^([0-9]{2}\/[0-9]{6,8}\/[0-9]{2})$",,
SOCIAL_SECURITY_ NUMBER,SSN-NAISSANCE-ETRANGERE,^(([1|2])\s([0-9]{2})\s((0[1-9])|(1[0-2]))\s(99)\s((00[1-9])|(0[1-9][0-9])|([1-9][0-8][0-9])|990)\s((00[1-9])|(0[1-9][0-9])|([1-9][0-9][0-9]))\s(0[1-9]|[1-9][0-7]))$,,
SOCIAL_SECURITY_ NUMBER,SSNE_CANADA,^([0-9]{3}[- ][0-9]{3}[- ][0-9]{3})$,,
SOCIAL_SECURITY_ NUMBER,US.SOCIAL SECURITY NUMBER,^((?!000)([0-6]\d{2}|7([0-6]\d|7[012]))([ -]?)(?!00)\d\d\3(?!0000)\d{4}$)$,,
SOCIAL_SECURITY_ NUMBER,SSNE_JP,"^([0-9]{4}(-)?([0-9]{6}|[0-9]{7,12}))$",,
SOCIAL_SECURITY_ NUMBER,SSNE_US,^((?!000)([0-6]\d{2}|7([0-6]\d|7[012]))([ -]?)(?!00)\d\d\3(?!0000)\d{4}$)$,,
DATE,DATE-INTER AAAA-MM-DD ?( HH:MM:SS),^((\d{4}[\-\.]((0?[13578][\-\.]|1[02][\-\.])(0?[1-9][\-\.]|[12]\d[\-\.]|3[01])|(0?[13456789]|1[012][\-\.])([\-\.]0?[1-9]|[\-\.][12]\d|[\-\.]30)|0?2[\-\.](0?[1-9]|1\d|2[0-8])))|(\d{2}[02468][048][\-\.]|\d{2}[13579][26][\-\.])((0?2)[\-\.](29)))(\s((([0-1][0-9])|(2[0-3])):([0-5][0-9]):([0-5][0-9])))?$,^((\d{4}[\-\.]((0?[13578][\-\.]|1[02][\-\.])(0?[1-9][\-\.]|[12]\d[\-\.]|3[01])|(0?[13456789]|1[012][\-\.])([\-\.]0?[1-9]|[\-\.][12]\d|[\-\.]30)|0?2[\-\.](0?[1-9]|1\d|2[0-8])))|(\d{2}[02468][048][\-\.]|\d{2}[13579][26][\-\.])((0?2)[\-\.](29)))(\s((([0-1][0-9])|(2[0-3])):([0-5][0-9]):([0-5][0-9])))?$,
